{"cameraMode":{"drawMode":0,"name":"Shaded","section":"Shading Mode"},"sceneLighting":true,"audioPlay":false,"sceneViewState":{"showFog":true,"showMaterialUpdate":false,"showSkybox":true,"showFlares":true,"showImageEffects":true,"showParticleSystems":true},"in2DMode":false,"pivot":{"x":-1.3798422813415528,"y":2.768521785736084,"z":-5.388598442077637},"rotation":{"x":-0.29943016171455386,"y":-0.6544777750968933,"z":0.317379891872406,"w":-0.6174709796905518},"size":8.3649320602417,"orthographic":false}