{"cameraMode":{"drawMode":0,"name":"Shaded","section":"Shading Mode"},"sceneLighting":true,"audioPlay":false,"sceneViewState":{"showFog":true,"showMaterialUpdate":false,"showSkybox":true,"showFlares":true,"showImageEffects":true,"showParticleSystems":true},"in2DMode":false,"pivot":{"x":-6.074575901031494,"y":0.273557186126709,"z":11.671525001525879},"rotation":{"x":0.07932204753160477,"y":-0.2713279724121094,"z":0.02244202233850956,"w":0.9589502215385437},"size":8.723652839660645,"orthographic":false}