{"cameraMode":{"drawMode":0,"name":"Shaded","section":"Shading Mode"},"sceneLighting":true,"audioPlay":false,"sceneViewState":{"showFog":true,"showMaterialUpdate":false,"showSkybox":true,"showFlares":true,"showImageEffects":true,"showParticleSystems":true},"in2DMode":false,"pivot":{"x":5.9915008544921879,"y":-13.639057159423829,"z":-27.4724178314209},"rotation":{"x":-0.08360756933689118,"y":-0.9113187789916992,"z":0.23027478158473969,"w":-0.3308798372745514},"size":34.52973556518555,"orthographic":false}