{"cameraMode":{"drawMode":0,"name":"Shaded","section":"Shading Mode"},"sceneLighting":true,"audioPlay":false,"sceneViewState":{"showFog":true,"showMaterialUpdate":false,"showSkybox":true,"showFlares":true,"showImageEffects":true,"showParticleSystems":true},"in2DMode":false,"pivot":{"x":-14.952425956726075,"y":1.1243841648101807,"z":-0.8908548355102539},"rotation":{"x":-0.030166909098625184,"y":0.7148730158805847,"z":-0.6979193091392517,"w":-0.0309081319719553},"size":4.182225227355957,"orthographic":true}