{"cameraMode":{"drawMode":0,"name":"Shaded","section":"Shading Mode"},"sceneLighting":true,"audioPlay":false,"sceneViewState":{"showFog":true,"showMaterialUpdate":false,"showSkybox":true,"showFlares":true,"showImageEffects":true,"showParticleSystems":true},"in2DMode":false,"pivot":{"x":16.791494369506837,"y":-47.99327087402344,"z":-13.759384155273438},"rotation":{"x":0.09050950407981873,"y":0.8588831424713135,"z":-0.47704657912254336,"w":0.1629554182291031},"size":142.6553192138672,"orthographic":false}