{"cameraMode":{"drawMode":0,"name":"Shaded","section":"Shading Mode"},"sceneLighting":false,"audioPlay":false,"sceneViewState":{"showFog":true,"showMaterialUpdate":false,"showSkybox":false,"showFlares":true,"showImageEffects":true,"showParticleSystems":true},"in2DMode":false,"pivot":{"x":0.3125505745410919,"y":0.9375,"z":0.8124998807907105},"rotation":{"x":-0.24983659386634828,"y":-0.738021731376648,"z":0.35869115591049197,"w":-0.5140489935874939},"size":19.870494842529298,"orthographic":false}